{
    "MXRF11": 82.75700934579453,
    "VISC11": 50.000000000000014,
    "HGLG11": 100,
    "KNRI11": 43.153846153846146,
    "RBRF11": 27.500000000000014
}