{
    "RBRF11": 150.33333333333331,
    "MXRF11": 137.99999999999997
}